"","baseMean","log2FoldChange","lfcSE","stat","pvalue","padj"
"CAETHG_RS04025",1.94523441187375,0.217572049925031,0.849211527998756,0.256204776727135,0.797792720407617,0.857202816608184
"CAETHG_RS04030",38521.2911187278,0.175005582870609,1.08147156654473,0.16182171430521,0.871446252870448,0.904739222060305
"CAETHG_RS04035",1102.15298233048,0.851025655703478,0.43555915133207,1.9538693036314,0.0507166756292167,0.151144120006601
"CAETHG_RS04130",166.367020807237,-0.540279366457029,0.177726287055157,-3.03995191375012,0.0023661592364686,0.0149363801802081
"CAETHG_RS04135",226.901093627261,-0.783792078461463,0.191732647373822,-4.08794271188098,4.35215588632179e-05,0.000637135304292856
"CAETHG_RS04140",115.917539115809,-0.0321719358902488,0.340962833231805,-0.0943561372519937,0.924826257697733,0.934074520274711
"CAETHG_RS05495",1.18716242844008,-2.80835024208731,1.46059887514899,-1.92273887777768,0.0545128516713523,0.151849905806443
"CAETHG_RS05825",573.98424007994,-1.12220001902473,0.320616312262572,-3.50013388621876,0.000465024532442279,0.00391395648138918
"CAETHG_RS06225",20448.7428092264,-0.327101967903386,0.455104375849034,-0.718740546700195,0.472300795622206,0.657449576114532
"CAETHG_RS06250",62.7661449053156,0.172991734731492,0.219767538082238,0.78715781339261,0.431189489410088,0.613382231414351
"CAETHG_RS06290",9129.28603743269,0.583182149044718,0.369350690403238,1.57893883563079,0.114350087097857,0.23098717593767
"CAETHG_RS06710",179.698073063534,-0.284654017866487,0.248062974692439,-1.14750707242552,0.251172111825837,0.429972598210331
"CAETHG_RS06715",55.8362111841555,-0.775600478356437,0.280718681346775,-2.76291009431726,0.00572885441121053,0.0289307147766132
"CAETHG_RS06720",14.2264203323222,-0.43245844502129,0.44116691188517,-0.980260380755512,0.326957606170758,0.500344215503736
"CAETHG_RS06725",2.5822520140942,-2.69077995778631,1.21998714922505,-2.20558057475894,0.0274133804252579,0.0893145620306791
"CAETHG_RS07690",6.15801027646232,-1.30068152532187,0.687133883996365,-1.89290843548148,0.0583700472671618,0.152920151106646
"CAETHG_RS07695",13.3294148260248,-1.67051526547293,0.686791535403402,-2.43234690493341,0.0150013318111952,0.0551169510700533
"CAETHG_RS07700",3.05963960479279,2.41938583872443,0.997407252159439,2.42567500234867,0.0152799468313019,0.0551169510700533
"CAETHG_RS07705",14.7925022239573,0.306813148565028,0.433519590285713,0.707726145346331,0.479115337848997,0.657449576114532
"CAETHG_RS07710",39.3768263213561,-0.235975983356751,0.24066520406013,-0.980515585035685,0.326831680392504,0.500344215503736
"CAETHG_RS07715",46.0448752575772,0.209571845950396,0.306752200191107,0.68319590151214,0.49448306210573,0.66590385696905
"CAETHG_RS07720",64.7958477344199,0.156803678927612,0.222866148993639,0.703577818505255,0.48169572903441,0.657449576114532
"CAETHG_RS07725",28.9967397015809,1.1682068875313,0.311982372252385,3.74446440386143,0.000180779003544542,0.00165987994163625
"CAETHG_RS07730",284.566013020963,0.724391616614965,0.128308403508494,5.64570672541343,1.64504067024819e-08,4.15372769237668e-07
"CAETHG_RS07735",29.6916457887287,0.49725902303694,0.30431095898601,1.63404901582858,0.102248558936202,0.210757233725641
"CAETHG_RS07740",34.6240294541253,0.520488488105029,0.287544669207039,1.81011350180957,0.0702781875938879,0.161320385158697
"CAETHG_RS07745",148.729038517908,0.657709951723625,0.166155570198117,3.95839845115874,7.54540086068009e-05,0.000846761652142988
"CAETHG_RS07750",189.589401811046,0.263056323847391,0.235028200549542,1.11925429898333,0.263031666550811,0.435511447895604
"CAETHG_RS07755",197.963186009162,0.175835011377891,0.164041419209828,1.07189399009635,0.283767649908598,0.454929089536007
"CAETHG_RS07760",24.9094715404784,1.47807050099543,0.434297300497276,3.40336101399437,0.000665622682156748,0.00517137622291012
"CAETHG_RS08395",60.0964258672793,-0.332842851551759,0.402365077669215,-0.827216053340967,0.408114614255071,0.588851086282317
"CAETHG_RS08555",357115.119012788,1.12692175467623,0.158855627016979,7.09399960100736,1.30290505941206e-12,6.57967055003089e-11
"CAETHG_RS08880",59.3618757726764,-0.621351823684968,0.230014208643326,-2.70136278688972,0.00690559677894703,0.0317029670306204
"CAETHG_RS09855",826.081975829978,0.196932530126102,0.349098031731062,0.564118133664573,0.572673737779026,0.722544746589825
"CAETHG_RS09860",141.861867592471,0.0459733609359908,0.299159123286531,0.153675276324293,0.87786577982089,0.904739222060305
"CAETHG_RS09945",34.3138883512448,0.130800139256318,0.308533018609908,0.423942111109002,0.671608031785196,0.798028367180056
"CAETHG_RS09950",1082.84431894961,0.57928407009417,0.231620856751044,2.50100132699539,0.0123842714369607,0.0500324566053214
"CAETHG_RS09955",38.8125751708207,0.538984455256329,0.29164768124624,1.84806699972101,0.0645926510049121,0.154522005166301
"CAETHG_RS09960",3.86491812681654,0.0127354795476364,0.799985546517884,0.0159196370522822,0.987298503884946,0.987298503884946
"CAETHG_RS09965",62503.9553759464,0.404091800807984,0.702076169734867,0.575566894629946,0.564907963035487,0.722224104640306
"CAETHG_RS09970",1839.95340031282,0.753163884592663,0.393515468205721,1.91393717768402,0.0556281833152318,0.151849905806443
"CAETHG_RS09985",157.726680604048,-0.0194569702085694,0.158771027153629,-0.122547359914366,0.902465540822266,0.920697167909584
"CAETHG_RS10035",4.95179524855129,-1.91155678043995,0.754921074252447,-2.5321279874626,0.0113372600725541,0.0477109694719985
"CAETHG_RS10040",80.9318421513438,-0.409333677016328,0.222479073189073,-1.83987496508697,0.0657865962589204,0.154522005166301
"CAETHG_RS10045",234.999211087913,-0.428920594249462,0.165155815003359,-2.59706625673906,0.00940237855276095,0.0412887058186459
"CAETHG_RS10050",15.5814392097068,-0.41285996693708,0.495641535781946,-0.832980969372822,0.404855462264465,0.588851086282317
"CAETHG_RS10055",43.5372049930255,-0.0539417408008398,0.295246531055784,-0.182700675967122,0.855032885343243,0.899565848121537
"CAETHG_RS10165",21.3021984555299,0.718136142594293,0.412801524073449,1.73966446515957,0.0819179524397982,0.172369024925409
"CAETHG_RS10375",9.00941645327218,-0.727853578754319,0.413824622147455,-1.75884551039345,0.0786037523913856,0.172369024925409
"CAETHG_RS10380",11.34494806611,0.131341323831949,0.480936342966318,0.273095027549514,0.784780168942851,0.852288140464817
"CAETHG_RS10385",31.4828987946514,-0.889934400854928,0.272901805250708,-3.26100591396736,0.00111017724787521,0.00800913585967114
"CAETHG_RS10390",42.4142353219165,-0.608618293725608,0.264492192759992,-2.30108226399668,0.0213869816383126,0.072002838182319
"CAETHG_RS10590",1.84678089850147,-0.945305867285056,0.988138914872729,-0.956652807674121,0.338742525269494,0.510641717197298
"CAETHG_RS10780",542.542306237134,0.554778689176098,0.845677626690356,0.656016751143435,0.511813346277273,0.671339584077982
"CAETHG_RS10785",47299.9497661627,1.18018289942178,0.494506418740336,2.38658762494545,0.0170055542827285,0.0592262407777785
"CAETHG_RS10790",1.90242627766911,-2.13476872417119,1.38211423727513,-1.54456749420362,0.122450913840603,0.242500829370606
"CAETHG_RS10795",1.11375402584914,-1.29656241526077,1.56605159865371,-0.827918068839746,0.407716901309652,0.588851086282317
"CAETHG_RS10830",91.4951823833721,-0.132478948099712,0.40774761954825,-0.324904283307618,0.745253515009385,0.827149505669757
"CAETHG_RS10835",59.0778415783221,-0.314817421028701,0.286418840015375,-1.09915053427282,0.271702410738488,0.442611991686891
"CAETHG_RS10840",100.771855824417,-0.666213074086653,0.225355561059904,-2.95627527873412,0.00311379044504108,0.0174718241638416
"CAETHG_RS11105",103.546982852946,0.127585332864555,0.283104893146983,0.450664527364121,0.652231352183208,0.784230554410762
"CAETHG_RS11115",39.4529841104076,0.400462838203889,0.301550497471888,1.32801252712648,0.18417396853338,0.326343347752129
"CAETHG_RS11150",98.7689745667054,-0.0908825513299926,0.173778741307319,-0.522978533773998,0.600989191580088,0.740242784751085
"CAETHG_RS11155",100606.969944025,0.246906272545936,0.183913659684539,1.34251187741816,0.17943008186518,0.325833465227449
"CAETHG_RS11235",58.943724411976,1.54046610062331,0.879214743765561,1.75209311666647,0.0797577976831395,0.172369024925409
"CAETHG_RS11240",46871.3444762691,0.402792458965821,0.300877618129226,1.33872523144218,0.180660139136012,0.325833465227449
"CAETHG_RS11245",1.07901401242469,0.522366389309798,1.58621295887925,0.32931668247048,0.741916335946001,0.827149505669757
"CAETHG_RS11250",1.43321961450085,-2.81266743228658,1.48989208859225,-1.88783298724955,0.0590483751797941,0.152920151106646
"CAETHG_RS11305",30.5941564504662,2.28969589720809,0.781463597895954,2.93000966823402,0.00338951457711007,0.0180179459099009
"CAETHG_RS11310",123152.816325092,0.985599176415883,0.64364222394665,1.5312842131028,0.125699165507184,0.244146456081261
"CAETHG_RS11315",1.97872070251266,2.28886153934142,1.30959590584835,1.74776167909497,0.0805053034940904,0.172369024925409
"CAETHG_RS11320",1.11438886367245,-0.580492168647756,1.16496674772114,-0.498290762189813,0.618279118026791,0.752363746032602
"CAETHG_RS11385",50.046548049297,-2.03888598704146,0.750419966797411,-2.71699325344829,0.00658779505405264,0.0316841571647294
"CAETHG_RS11390",45496.4088562177,0.700256765610792,0.624073218878948,1.12207469320458,0.261830682881157,0.435511447895604
"CAETHG_RS11395",16.6387999677738,0.273757444354106,0.821958159820379,0.333055206135954,0.739092611170827,0.827149505669757
"CAETHG_RS11405",1.49847456614338,-0.523228764625061,0.831130718867816,-0.629538474209946,0.528996588735451,0.68498276233693
"CAETHG_RS11980",53.3150883525536,-0.33538839557473,0.281367061315096,-1.1919959429762,0.233262836056558,0.406199076581248
"CAETHG_RS11985",19.3291609495654,-0.841737103465328,0.42012617025996,-2.0035340882109,0.0451199925086367,0.142409976355385
"CAETHG_RS11990",61.2117077378407,-1.00947280924247,0.231969624916612,-4.35174566327531,1.35057880079175e-05,0.000272816917759934
"CAETHG_RS11995",39.1014958758392,-1.01536340113414,0.248584940227539,-4.08457326580096,4.41578923767326e-05,0.000637135304292856
"CAETHG_RS12000",36.5996075038973,-1.69318046815326,0.248103133754305,-6.82450254671109,8.82305091591746e-12,2.97042714169221e-10
"CAETHG_RS12105",107.981832812234,-0.880511813465415,0.295812522175187,-2.97658735671762,0.00291476029801449,0.0173171052999684
"CAETHG_RS13785",1525.80055512121,0.902265745554935,0.470813044288979,1.916399208772,0.0553143014622287,0.151849905806443
"CAETHG_RS13790",1.4381395215816,0.46045462265228,1.30984539867839,0.351533565042769,0.725188095961553,0.827149505669757
"CAETHG_RS13795",121.713633314864,0.700916394229478,0.374951117413042,1.86935406157853,0.0615735713359215,0.154522005166301
"CAETHG_RS13800",36168.3589822832,2.16206371956282,0.683094669745812,3.16510114237511,0.00155029050851174,0.0104386227573124
"CAETHG_RS13825",3.81120904053144,0.635191839785797,0.951019146219992,0.667906468876561,0.504193297871136,0.670046356381378
"CAETHG_RS13830",39.7693456972374,-3.49394412050605,0.419835792820632,-8.32216828639663,8.63685658041907e-17,8.72322514622326e-15
"CAETHG_RS13930",181.559113688201,0.143081644498806,0.361095710853619,0.396242990980328,0.691925779052133,0.812610507956575
"CAETHG_RS13935",3.68469025071012,1.48412027322525,0.760117174301184,1.9524888048868,0.0508801988141032,0.151144120006601
"CAETHG_RS13940",4.92128431990028,0.167543256860316,0.684639810718321,0.244717374358541,0.806675274222914,0.857623186279098
"CAETHG_RS13945",4772.87059925615,1.26527544174109,0.878774096191299,1.43981877393169,0.14991867822577,0.285694084920807
"CAETHG_RS13950",2.13237506204444,-1.63524480459843,1.20875097881914,-1.35283845328998,0.176107245143364,0.325833465227449
"CAETHG_RS13955",4.1746857268457,0.278417549097099,0.888348711304205,0.313410202045938,0.753969034278267,0.827726874588098
"CAETHG_RS14160",12942.4400494804,-0.255660369407103,0.693152758863247,-0.36883697877273,0.712249239886216,0.826864060097792
"CAETHG_RS14415",82.5400037203498,0.216961040091764,0.204822729671404,1.05926251661538,0.289480240620026,0.456836004728478
"CAETHG_RS14810",76782.1438627325,0.721585145177631,0.181039573049989,3.98578682561512,6.72568760204675e-05,0.000846761652142988
"CAETHG_RS18175",14.6482589670264,-1.90385581907978,0.490851829216509,-3.87867724180369,0.000105025991273513,0.00106076251186248
"CAETHG_RS18180",570.018059355493,0.815399000149508,0.33017881995972,2.46956785492474,0.0135276360277006,0.052549663030683
"CAETHG_RS18185",50168.1267668285,0.58318674995912,0.316517374165054,1.84251102012178,0.0654004360644766,0.154522005166301
"CAETHG_RS18190",4.76132142820481,-0.567702304331878,1.02443004749798,-0.554164050262296,0.579466578948276,0.722544746589825
